spot,strike,sigma,maturity,risk_free,dates_per_year,paths_total,paths_base,paths_antithetic,basis_size
36.0,40.0,0.2,1.0,0.06,50,100000,50000,50000,4
36.0,40.0,0.2,2.0,0.06,50,100000,50000,50000,4
36.0,40.0,0.4,1.0,0.06,50,100000,50000,50000,4
36.0,40.0,0.4,2.0,0.06,50,100000,50000,50000,4
38.0,40.0,0.2,1.0,0.06,50,100000,50000,50000,4
38.0,40.0,0.2,2.0,0.06,50,100000,50000,50000,4
38.0,40.0,0.4,1.0,0.06,50,100000,50000,50000,4
38.0,40.0,0.4,2.0,0.06,50,100000,50000,50000,4
40.0,40.0,0.2,1.0,0.06,50,100000,50000,50000,4
40.0,40.0,0.2,2.0,0.06,50,100000,50000,50000,4
40.0,40.0,0.4,1.0,0.06,50,100000,50000,50000,4
40.0,40.0,0.4,2.0,0.06,50,100000,50000,50000,4
42.0,40.0,0.2,1.0,0.06,50,100000,50000,50000,4
42.0,40.0,0.2,2.0,0.06,50,100000,50000,50000,4
42.0,40.0,0.4,1.0,0.06,50,100000,50000,50000,4
42.0,40.0,0.4,2.0,0.06,50,100000,50000,50000,4
44.0,40.0,0.2,1.0,0.06,50,100000,50000,50000,4
44.0,40.0,0.2,2.0,0.06,50,100000,50000,50000,4
44.0,40.0,0.4,1.0,0.06,50,100000,50000,50000,4
44.0,40.0,0.4,2.0,0.06,50,100000,50000,50000,4
