time_index,time,exercise_count,exercise_share,spot_mean,spot_min,spot_max,spot_mean_ratio,spot_min_ratio,spot_max_ratio,model
1,0.038461538461538464,1928,0.03856,39.16466524156008,35.370817385531936,39.824519509397355,0.979116631039002,0.8842704346382984,0.9956129877349339,jump_to_ruin_matched_var
2,0.07692307692307693,1469,0.02938,38.99127021180897,33.843612352413096,39.765464730600584,0.9747817552952242,0.8460903088103274,0.9941366182650146,jump_to_ruin_matched_var
3,0.11538461538461539,1287,0.02574,38.94206683947917,36.90842204218648,39.800163724949975,0.9735516709869791,0.922710551054662,0.9950040931237494,jump_to_ruin_matched_var
4,0.15384615384615385,1108,0.02216,38.948835533609916,31.336481036638723,39.73564775426648,0.973720888340248,0.783412025915968,0.993391193856662,jump_to_ruin_matched_var
5,0.19230769230769232,1053,0.02106,38.967504780486074,31.230881035245233,39.76774500462013,0.9741876195121518,0.7807720258811308,0.9941936251155032,jump_to_ruin_matched_var
6,0.23076923076923078,981,0.01962,39.02565251078442,29.59015039063312,39.832613104095586,0.9756413127696104,0.739753759765828,0.9958153276023897,jump_to_ruin_matched_var
7,0.2692307692307693,981,0.01962,38.98169093544242,30.09768514957681,39.87746289752633,0.9745422733860606,0.7524421287394203,0.9969365724381583,jump_to_ruin_matched_var
8,0.3076923076923077,798,0.01596,38.83485451568371,29.414307376612417,39.72051543218556,0.9708713628920927,0.7353576844153105,0.993012885804639,jump_to_ruin_matched_var
9,0.34615384615384615,865,0.0173,39.19573456572035,29.669987126175794,39.99827018780663,0.9798933641430088,0.7417496781543949,0.9999567546951658,jump_to_ruin_matched_var
10,0.38461538461538464,892,0.01784,39.25775303990772,37.84814013795993,39.998388563469014,0.981443825997693,0.9462035034489983,0.9999597140867253,jump_to_ruin_matched_var
11,0.42307692307692313,831,0.01662,39.1838080007378,28.99691139687747,39.991229973970945,0.9795952000184449,0.7249227849219367,0.9997807493492736,jump_to_ruin_matched_var
12,0.46153846153846156,827,0.01654,39.147368461732746,28.358359605023537,39.999051310160326,0.9786842115433186,0.7089589901255884,0.9999762827540082,jump_to_ruin_matched_var
13,0.5,767,0.01534,39.027848327257864,27.748367069851756,39.92631493789717,0.9756962081814466,0.693709176746294,0.9981578734474292,jump_to_ruin_matched_var
14,0.5384615384615385,792,0.01584,39.149393280869134,27.1963336957909,39.997633565223616,0.9787348320217284,0.6799083423947725,0.9999408391305904,jump_to_ruin_matched_var
15,0.576923076923077,870,0.0174,39.10540829614969,26.99451720971671,39.99740582701305,0.9776352074037422,0.6748629302429178,0.9999351456753262,jump_to_ruin_matched_var
16,0.6153846153846154,810,0.0162,39.123037430123695,27.123864492036446,39.99965443556277,0.9780759357530924,0.6780966123009111,0.9999913608890691,jump_to_ruin_matched_var
17,0.6538461538461539,881,0.01762,38.92159402203345,26.51340231561697,39.999309764396266,0.9730398505508363,0.6628350578904242,0.9999827441099066,jump_to_ruin_matched_var
18,0.6923076923076923,960,0.0192,38.96738147604665,26.430501434967578,39.99933918492409,0.9741845369011661,0.6607625358741894,0.9999834796231022,jump_to_ruin_matched_var
19,0.7307692307692308,1140,0.0228,38.9681159908662,25.330927045353803,39.99770642856747,0.9742028997716551,0.633273176133845,0.9999426607141867,jump_to_ruin_matched_var
20,0.7692307692307693,1129,0.02258,38.642209942832245,24.66492195022941,39.812798864830036,0.9660552485708062,0.6166230487557353,0.9953199716207509,jump_to_ruin_matched_var
21,0.8076923076923077,1269,0.02538,38.455349186507675,24.291488285343526,39.749609965202566,0.9613837296626919,0.6072872071335882,0.9937402491300642,jump_to_ruin_matched_var
22,0.8461538461538463,1415,0.0283,38.02393492703207,23.30577767189037,39.58840708017143,0.9505983731758019,0.5826444417972593,0.9897101770042858,jump_to_ruin_matched_var
23,0.8846153846153847,1983,0.03966,38.018072452646805,22.2257941696174,39.409450709744945,0.9504518113161702,0.5556448542404351,0.9852362677436236,jump_to_ruin_matched_var
24,0.9230769230769231,3953,0.07906,37.353030278312254,20.766956001414204,38.95939303381532,0.9338257569578063,0.5191739000353551,0.9739848258453829,jump_to_ruin_matched_var
25,0.9615384615384616,11558,0.23116,26.976410883660606,0.0,37.17663119247428,0.6744102720915152,0.0,0.9294157798118571,jump_to_ruin_matched_var
