time_index,time,boundary,boundary_ratio,model
0.0,0.0,36.01097495374811,0.9002743738437028,jump_to_ruin_matched_var
1.0,0.038461538461538464,31.310202795697258,0.7827550698924315,jump_to_ruin_matched_var
2.0,0.07692307692307693,31.513523404988753,0.7878380851247189,jump_to_ruin_matched_var
3.0,0.11538461538461539,31.5642100798493,0.7891052519962325,jump_to_ruin_matched_var
4.0,0.15384615384615385,31.40497851707217,0.7851244629268043,jump_to_ruin_matched_var
5.0,0.19230769230769232,31.261951870634125,0.7815487967658531,jump_to_ruin_matched_var
6.0,0.23076923076923078,31.18470041501504,0.779617510375376,jump_to_ruin_matched_var
7.0,0.2692307692307693,31.29211969724663,0.7823029924311657,jump_to_ruin_matched_var
8.0,0.3076923076923077,31.077288438263597,0.7769322109565899,jump_to_ruin_matched_var
9.0,0.34615384615384615,30.8979902117169,0.7724497552929225,jump_to_ruin_matched_var
10.0,0.38461538461538464,30.75001989876734,0.7687504974691836,jump_to_ruin_matched_var
11.0,0.42307692307692313,30.7284557746347,0.7682113943658675,jump_to_ruin_matched_var
12.0,0.46153846153846156,30.7763114374386,0.769407785935965,jump_to_ruin_matched_var
13.0,0.5,30.974527122227887,0.7743631780556972,jump_to_ruin_matched_var
14.0,0.5384615384615385,31.187105881116384,0.7796776470279096,jump_to_ruin_matched_var
15.0,0.576923076923077,31.0047103900791,0.7751177597519775,jump_to_ruin_matched_var
16.0,0.6153846153846154,31.055768503832663,0.7763942125958165,jump_to_ruin_matched_var
17.0,0.6538461538461539,31.08054649757655,0.7770136624394137,jump_to_ruin_matched_var
18.0,0.6923076923076923,31.107636147560633,0.7776909036890158,jump_to_ruin_matched_var
19.0,0.7307692307692308,31.40996850663287,0.7852492126658218,jump_to_ruin_matched_var
20.0,0.7692307692307693,31.805101128568353,0.7951275282142088,jump_to_ruin_matched_var
21.0,0.8076923076923077,31.995089119591917,0.7998772279897979,jump_to_ruin_matched_var
22.0,0.8461538461538463,32.73655709469938,0.8184139273674844,jump_to_ruin_matched_var
23.0,0.8846153846153847,33.461976646879414,0.8365494161719853,jump_to_ruin_matched_var
24.0,0.9230769230769231,34.43235870093104,0.860808967523276,jump_to_ruin_matched_var
25.0,0.9615384615384616,36.03492373768394,0.9008730934420985,jump_to_ruin_matched_var
