spot,sigma,maturity,seed,lsmc_price,lsmc_stderr,fd_benchmark,bias_vs_fd
36.0,0.2,1.0,20260406,4.205783756093689,0.012705262912813726,4.46346758347915,-0.2576838273854607
36.0,0.2,1.0,20260407,4.199203687544356,0.012688751236284788,4.46346758347915,-0.2642638959347936
36.0,0.2,1.0,20260408,4.212215277553316,0.012747709000538086,4.46346758347915,-0.25125230592583403
36.0,0.2,1.0,20260409,4.201388592210584,0.012698164546570405,4.46346758347915,-0.2620789912685657
36.0,0.2,1.0,20260410,4.22013960595307,0.012729308998439277,4.46346758347915,-0.24332797752608037
36.0,0.2,1.0,summary,4.207746183871003,0.008526635433131214,4.46346758347915,-0.2557213996081469
40.0,0.2,2.0,20260406,2.727089138775091,0.011920039979303451,2.8733741711189857,-0.1462850323438949
40.0,0.2,2.0,20260407,2.7481127558361162,0.011945990817636197,2.8733741711189857,-0.1252614152828695
40.0,0.2,2.0,20260408,2.7540749291856117,0.011947632791614806,2.8733741711189857,-0.11929924193337405
40.0,0.2,2.0,20260409,2.7242835911265906,0.011861679265900416,2.8733741711189857,-0.14909057999239517
40.0,0.2,2.0,20260410,2.7545351729452876,0.011980605806966554,2.8733741711189857,-0.11883899817369814
40.0,0.2,2.0,summary,2.741619117573739,0.014796788741505109,2.8733741711189857,-0.13175505354524636
44.0,0.4,1.0,20260406,4.132120724323741,0.017240286369683,3.92401238433739,0.2081083399863508
44.0,0.4,1.0,20260407,4.184080329647511,0.017319884399635038,3.92401238433739,0.2600679453101207
44.0,0.4,1.0,20260408,4.174415458361379,0.017320164307804104,3.92401238433739,0.25040307402398865
44.0,0.4,1.0,20260409,4.121013054862137,0.017116797413886695,3.92401238433739,0.19700067052474646
44.0,0.4,1.0,20260410,4.142489719948292,0.017158967628634975,3.92401238433739,0.2184773356109022
44.0,0.4,1.0,summary,4.1508238574286125,0.027251172287417653,3.92401238433739,0.22681147309122177
