spot,strike,sigma,maturity,exercise_dates_per_year,paths_total,european_put_bs,american_put_fd,fd_early_exercise_premium,american_put_lsmc,lsmc_stderr,lsmc_fit_price,lsmc_fit_minus_eval,lsmc_early_exercise_premium,lsmc_premium_minus_fd_premium,american_put_crr,split_policy,fit_seed,eval_seed,fit_price,fit_stderr,eval_price,eval_stderr
36.0,40.0,0.2,1.0,50,100000,3.84430779159684,4.46346758347915,0.6191597918823097,4.205783756093689,0.012705262912813726,4.452423392342501,0.2466396362488119,0.36147596449684904,-0.2576838273854607,4.48637477750599,two_pass,20260406,20268325,4.452423392342501,0.01348377588109704,4.205783756093689,0.012705262912813726
38.0,40.0,0.2,1.0,50,100000,2.8519321180394748,3.2349570866515602,0.38302496861208546,3.2667553810935503,0.011227755161335885,3.450710710037363,0.18395532894381272,0.4148232630540756,0.031798294441990116,3.2570956607482584,two_pass,20260406,20268325,3.450710710037363,0.011921385090344981,3.2667553810935503,0.011227755161335885
40.0,40.0,0.2,1.0,50,100000,2.066401004420346,2.2994825456190746,0.23308154119872881,2.4436302017344933,0.009851068657237809,2.5776928059080633,0.13406260417356997,0.3772291973141475,0.1441476561154187,2.318975614403705,two_pass,20260406,20268325,2.5776928059080633,0.010455756600995694,2.4436302017344933,0.009851068657237809
42.0,40.0,0.2,1.0,50,100000,1.4645039410864467,1.6046213935342157,0.14011745244776908,1.7455668303062197,0.008540172720314059,1.843349499839875,0.09778266953365522,0.28106288921977307,0.140945436772004,1.621926856903227,two_pass,20260406,20268325,1.843349499839875,0.00905746251173776,1.7455668303062197,0.008540172720314059
44.0,40.0,0.2,1.0,50,100000,1.0169152264282708,1.099844228908267,0.08292900247999624,1.194553163992692,0.007141449901349632,1.261524495508888,0.06697133151619594,0.17763793756442126,0.09470893508442502,1.113618725781035,two_pass,20260406,20268325,1.261524495508888,0.007578073224937953,1.194553163992692,0.007141449901349632
36.0,40.0,0.2,2.0,50,100000,3.7630009276697347,4.828003666539686,1.0650027388699517,4.156959483457744,0.014558919285808483,4.6564212356734895,0.49946175221574585,0.393958555788009,-0.6710441830819427,4.848040385441301,two_pass,20260406,20268325,4.6564212356734895,0.01641770268581459,4.156959483457744,0.014558919285808483
38.0,40.0,0.2,2.0,50,100000,2.9905568579925728,3.732839514924947,0.7422826569323742,3.415450269739962,0.013199745447303271,3.818654312562705,0.40320404282274325,0.42489341174738904,-0.3173892451849851,3.751205130967983,two_pass,20260406,20268325,3.818654312562705,0.014878697024649386,3.415450269739962,0.013199745447303271
40.0,40.0,0.2,2.0,50,100000,2.3558662816645324,2.8733741711189857,0.5175078894544534,2.727089138775091,0.011920039979303451,3.0457816897284955,0.31869255095340465,0.37122285711055847,-0.1462850323438949,2.889514251023298,two_pass,20260406,20268325,3.0457816897284955,0.013409106812001954,2.727089138775091,0.011920039979303451
42.0,40.0,0.2,2.0,50,100000,1.8413544774586459,2.2024286776514828,0.36107420019283687,2.1385510590851515,0.010742665567858021,2.393181061435821,0.25463000235066957,0.29719658162650564,-0.06387761856633123,2.2170387657510817,two_pass,20260406,20268325,2.393181061435821,0.012073537429099274,2.1385510590851515,0.010742665567858021
44.0,40.0,0.2,2.0,50,100000,1.4292151307875187,1.681001321968069,0.25178619118055034,1.6560987035933594,0.009573804858974936,1.8556362217481832,0.1995375181548238,0.2268835728058407,-0.02490261837470964,1.693635420877127,two_pass,20260406,20268325,1.8556362217481832,0.01073668935230505,1.6560987035933594,0.009573804858974936
36.0,40.0,0.4,1.0,50,100000,6.711399066623681,7.075984891697213,0.3645858250735321,7.219839846885375,0.02119807050825759,7.635395302736512,0.4155554558511376,0.5084407802616937,0.1438549551881616,7.108178234383463,two_pass,20260406,20268325,7.635395302736512,0.022473301966665474,7.219839846885375,0.02119807050825759
38.0,40.0,0.4,1.0,50,100000,5.834320866481415,6.121605588799003,0.2872847223175885,6.3680935605770665,0.020201355611690515,6.729710161305478,0.3616166007284116,0.533772694095652,0.24648797177806347,6.157187905484532,two_pass,20260406,20268325,6.729710161305478,0.021415343591562348,6.3680935605770665,0.020201355611690515
40.0,40.0,0.4,1.0,50,100000,5.059623125933808,5.286064310633169,0.22644118469936103,5.487908007490184,0.019227081980898206,5.7936098958080855,0.3057018883179019,0.428284881556376,0.20184369685701498,5.316778696228513,two_pass,20260406,20268325,5.7936098958080855,0.020372240864929104,5.487908007490184,0.019227081980898206
42.0,40.0,0.4,1.0,50,100000,4.3787183635270335,4.557603353033594,0.1788849895065603,4.783852863712869,0.01826361507030962,5.053714660500298,0.2698617967874295,0.4051345001858353,0.226249510679275,4.590519007548772,two_pass,20260406,20268325,5.053714660500298,0.019353714235388036,4.783852863712869,0.01826361507030962
44.0,40.0,0.4,1.0,50,100000,3.78279883264722,3.92401238433739,0.14121355169017002,4.132120724323741,0.017240286369683,4.363258827783608,0.23113810345986696,0.34932189167652083,0.2081083399863508,3.955222483243089,two_pass,20260406,20268325,4.363258827783608,0.01827835762658022,4.132120724323741,0.017240286369683
36.0,40.0,0.4,2.0,50,100000,7.700039587695633,8.486782304996275,0.7867427173006423,8.350978395758151,0.024955391927506735,9.371791195012337,1.0208127992541858,0.6509388080625182,-0.13580390923812402,8.513625609836772,two_pass,20260406,20268325,9.371791195012337,0.02816888490076324,8.350978395758151,0.024955391927506735
38.0,40.0,0.4,2.0,50,100000,6.978802476201395,7.647812297159925,0.6690098209585305,7.652835768082092,0.024199782551510462,8.576828453134198,0.9239926850521059,0.674033291880697,0.005023470922166595,7.67632386579776,two_pass,20260406,20268325,8.576828453134198,0.027328458320990845,7.652835768082092,0.024199782551510462
40.0,40.0,0.4,2.0,50,100000,6.325998988916153,6.896912312561697,0.5709133236455441,6.971408850387638,0.023522606941383428,7.823994683521618,0.85258583313398,0.6454098614714852,0.07449653782594101,6.92251182997399,two_pass,20260406,20268325,7.823994683521618,0.026523141037427506,6.971408850387638,0.023522606941383428
42.0,40.0,0.4,2.0,50,100000,5.735617602382007,6.22459334010328,0.48897573772127334,6.255404161400257,0.02280913858081345,7.0048604826171745,0.7494563212169174,0.5197865590182502,0.030810821296976876,6.25154494334674,two_pass,20260406,20268325,7.0048604826171745,0.025691517044148012,6.255404161400257,0.02280913858081345
44.0,40.0,0.4,2.0,50,100000,5.201995311264419,5.621918761513243,0.4199234502488238,5.66650330643349,0.02205370711401338,6.345289911099589,0.6787866046660991,0.46450799516907093,0.044584544920247104,5.648129650296387,two_pass,20260406,20268325,6.345289911099589,0.024796086379352284,5.66650330643349,0.02205370711401338
