spot,sigma,maturity,fit_seed,eval_seed,in_sample_price,in_sample_stderr,out_of_sample_price,out_of_sample_stderr,difference,diagnostic_mode,fit_policy
36.0,0.2,1.0,20260406,20268325,4.452423392342501,0.01348377588109704,4.205783756093689,0.012705262912813726,0.2466396362488119,same_path_fit_vs_independent_eval,same_paths
36.0,0.2,1.0,20260407,20268326,4.451651821227355,0.013479310094926325,4.199203687544356,0.012688751236284788,0.25244813368299823,same_path_fit_vs_independent_eval,same_paths
36.0,0.2,1.0,20260408,20268327,4.451884352054269,0.013520600885760422,4.212215277553316,0.012747709000538086,0.2396690745009531,same_path_fit_vs_independent_eval,same_paths
40.0,0.2,2.0,20261406,20269325,3.0595732450372912,0.013425975324393297,2.7388121013893145,0.011902375494227945,0.3207611436479767,same_path_fit_vs_independent_eval,same_paths
40.0,0.2,2.0,20261407,20269326,3.0274581594158585,0.0133444338119385,2.7209660677674856,0.011856358361769072,0.3064920916483729,same_path_fit_vs_independent_eval,same_paths
40.0,0.2,2.0,20261408,20269327,3.0201063391193257,0.013407154422685438,2.7174957108391546,0.011912931050295065,0.30261062828017105,same_path_fit_vs_independent_eval,same_paths
44.0,0.4,1.0,20262406,20270325,4.360416025373886,0.018254977244990544,4.12152761582246,0.017276531521468467,0.23888840955142587,same_path_fit_vs_independent_eval,same_paths
44.0,0.4,1.0,20262407,20270326,4.39080428363848,0.0183789878019943,4.148780806071278,0.017294187395287725,0.24202347756720233,same_path_fit_vs_independent_eval,same_paths
44.0,0.4,1.0,20262408,20270327,4.370763640357746,0.018344905728988014,4.1332523194611275,0.017226370706051493,0.2375113208966182,same_path_fit_vs_independent_eval,same_paths
40.0,0.4,2.0,20263406,20271325,7.80970883308317,0.026535383847953363,6.955524486499628,0.023481687485914466,0.8541843465835424,same_path_fit_vs_independent_eval,same_paths
40.0,0.4,2.0,20263407,20271326,7.659647977012702,0.026517833008164477,6.811841675957231,0.023478667582051662,0.8478063010554715,same_path_fit_vs_independent_eval,same_paths
40.0,0.4,2.0,20263408,20271327,7.802011257161328,0.026500863368720096,6.989646108943075,0.02350147926504006,0.8123651482182535,same_path_fit_vs_independent_eval,same_paths
