model,spot0,strike,risk_free,sigma,maturity,jump_intensity,exercise_dates_per_year,exercise_steps,paths_total,american_jump_lsmc,lsmc_stderr,lsmc_fit_price,lsmc_fit_minus_eval,european_jump_mc,lsmc_early_exercise_premium,fit_seed,eval_seed
jump_to_ruin_matched_var,36.0,40.0,0.06,0.2,1.0,0.05,26,26,50000,5.215325938417295,0.035652850882996995,5.440895507260638,0.22556956884334323,4.624104817907947,0.5912211205093483,20261430,20269349
jump_to_ruin_matched_var,38.0,40.0,0.06,0.2,1.0,0.05,26,26,50000,4.351530530402348,0.03525029296238772,4.615793345994329,0.26426281559198106,3.7883069794438047,0.5632235509585435,20261530,20269449
jump_to_ruin_matched_var,40.0,40.0,0.06,0.2,1.0,0.05,26,26,50000,3.614203066665665,0.03581658964445178,3.763539180389541,0.149336113723876,3.219951605870032,0.3942514607956329,20261630,20269549
jump_to_ruin_matched_var,42.0,40.0,0.06,0.2,1.0,0.05,26,26,50000,3.069418078043891,0.036141131188042,3.2529397388639874,0.18352166082009624,2.7900462279184803,0.27937185012541077,20261730,20269649
jump_to_ruin_matched_var,44.0,40.0,0.06,0.2,1.0,0.05,26,26,50000,2.5995079808408046,0.03549660335821628,2.8558785747778708,0.2563705939370662,2.3936721518722135,0.2058358289685911,20261830,20269749
no_jump_matched_var,36.0,40.0,0.06,0.3,1.0,0.0,26,26,50000,5.827788893817128,0.023668988919178895,6.174665979870697,0.3468770860535688,5.284000275331346,0.5437886184857819,20260430,20268349
no_jump_matched_var,38.0,40.0,0.06,0.3,1.0,0.0,26,26,50000,4.979524012765592,0.021853529496055624,5.2742786699899336,0.2947546572243418,4.338304639642532,0.64121937312306,20260530,20268449
no_jump_matched_var,40.0,40.0,0.06,0.3,1.0,0.0,26,26,50000,4.092587822808404,0.0204030390351529,4.327417984466192,0.23483016165778814,3.570041680853875,0.5225461419545288,20260630,20268549
no_jump_matched_var,42.0,40.0,0.06,0.3,1.0,0.0,26,26,50000,3.2371692998938175,0.01851948141629501,3.3966185857766242,0.1594492858828067,2.8703075314451625,0.36686176844865503,20260730,20268649
no_jump_matched_var,44.0,40.0,0.06,0.3,1.0,0.0,26,26,50000,2.6634149585867246,0.017185665132778027,2.828117195328853,0.16470223674212825,2.3366976569107085,0.3267173016760161,20260830,20268749
