initial_average,spot0,strike,risk_free,sigma,maturity,lockout_time,pre_averaging_time,exercise_dates_per_year,exercise_steps,paths_total,american_asian_lsmc,lsmc_stderr,lsmc_fit_price,lsmc_fit_minus_eval,european_asian_mc,lsmc_early_exercise_premium,fit_seed,eval_seed
90.0,80.0,100.0,0.06,0.2,2.0,0.25,0.25,100,200,50000,13.777411071876811,0.04152454433268015,14.792868288772269,1.0154572168954576,13.752172589455107,0.025238482421704234,20260416,20268335
90.0,90.0,100.0,0.06,0.2,2.0,0.25,0.25,100,200,50000,7.731543711024198,0.03591992368589959,8.169039111327882,0.4374954003036837,7.7204790132960674,0.011064697728130568,20260516,20268435
90.0,100.0,100.0,0.06,0.2,2.0,0.25,0.25,100,200,50000,3.571047356036261,0.025656667402596176,3.7927995055173938,0.22175214948113275,3.634924443830958,-0.06387708779469703,20260616,20268535
90.0,110.0,100.0,0.06,0.2,2.0,0.25,0.25,100,200,50000,1.4184334027994339,0.016034794737530236,1.4683684542324231,0.049935051432989264,1.4535353978525696,-0.035101995053135715,20260716,20268635
90.0,120.0,100.0,0.06,0.2,2.0,0.25,0.25,100,200,50000,0.4910523720655684,0.009143939497294713,0.5165479443848596,0.025495572319291226,0.49581720101655563,-0.004764828950987232,20260816,20268735
100.0,80.0,100.0,0.06,0.2,2.0,0.25,0.25,100,200,50000,12.930350419768754,0.04116308148574142,13.77326998737837,0.8429195676096164,12.908143314152746,0.02220710561600825,20261416,20269335
100.0,90.0,100.0,0.06,0.2,2.0,0.25,0.25,100,200,50000,6.993379387231757,0.034401918653051936,7.3901591262685855,0.3967797390368286,7.018965786315185,-0.02558639908342819,20261516,20269435
100.0,100.0,100.0,0.06,0.2,2.0,0.25,0.25,100,200,50000,3.213234557025336,0.024628235978411815,3.334783037492252,0.1215484804669158,3.248203842867698,-0.03496928584236203,20261616,20269535
100.0,110.0,100.0,0.06,0.2,2.0,0.25,0.25,100,200,50000,1.2453291677561362,0.015037863263850792,1.3133120211895044,0.06798285343336818,1.249276355598636,-0.0039471878424997,20261716,20269635
100.0,120.0,100.0,0.06,0.2,2.0,0.25,0.25,100,200,50000,0.4106810167038528,0.008255421984343014,0.4210323828804474,0.0103513661765946,0.4117554632915624,-0.0010744465877095544,20261816,20269735
110.0,80.0,100.0,0.06,0.2,2.0,0.25,0.25,100,200,50000,12.089476878025806,0.04018134244960681,12.798276287437503,0.7087994094116965,12.074727094312243,0.014749783713563502,20262416,20270335
110.0,90.0,100.0,0.06,0.2,2.0,0.25,0.25,100,200,50000,6.389933934589615,0.03298658525136304,6.717173541387606,0.327239606797991,6.39946979339135,-0.009535858801735131,20262516,20270435
110.0,100.0,100.0,0.06,0.2,2.0,0.25,0.25,100,200,50000,2.8564173781914106,0.0229506207394602,2.954520881766606,0.09810350357519537,2.858551567949799,-0.002134189758388416,20262616,20270535
110.0,110.0,100.0,0.06,0.2,2.0,0.25,0.25,100,200,50000,1.0657410864925325,0.013876595271709716,1.1337657022554093,0.06802461576287677,1.0649490350449358,0.0007920514475967533,20262716,20270635
110.0,120.0,100.0,0.06,0.2,2.0,0.25,0.25,100,200,50000,0.35229984129928854,0.007613178421560355,0.35576364453474685,0.003463803235458307,0.35204915156834765,0.00025068973094088953,20262816,20270735
