initial_average,spot0,strike,risk_free,sigma,maturity,lockout_time,pre_averaging_time,exercise_dates_per_year,exercise_steps,paths_total,american_asian_tvr_is,american_asian_tvr_oos,tvr_stderr,tvr_fit_minus_eval,european_asian_mc,tvr_early_exercise_premium,tvr_minus_lsmc,fit_seed,eval_seed
90.0,80.0,100.0,0.06,0.2,2.0,0.25,0.25,100,200,50000,17.508375948729757,17.497591144843664,0.026819555324215597,0.01078480388609293,13.760287164523975,3.7373039803196892,3.7201800729668513,20260417,20268336
90.0,90.0,100.0,0.06,0.2,2.0,0.25,0.25,100,200,50000,11.189100545040322,11.189798044081188,0.025636700579255125,-0.0006974990408661341,7.676914208183534,3.5128838358976537,3.45825433305699,20260517,20268436
90.0,100.0,100.0,0.06,0.2,2.0,0.25,0.25,100,200,50000,5.44305502479497,5.399610976255181,0.023449723501947923,0.043444048539789115,3.612650351517003,1.7869606247381777,1.8285636202189197,20260617,20268536
90.0,110.0,100.0,0.06,0.2,2.0,0.25,0.25,100,200,50000,1.6505071501435118,1.69309581594115,0.01697086228669166,-0.0425886657976382,1.4755364992727944,0.2175593166683556,0.2746624131417159,20260717,20268636
90.0,120.0,100.0,0.06,0.2,2.0,0.25,0.25,100,200,50000,0.5245288511770145,0.510854359856321,0.009290682371206642,0.013674491320693538,0.5030543931941325,0.007799966662188518,0.019801987790752595,20260817,20268736
100.0,80.0,100.0,0.06,0.2,2.0,0.25,0.25,100,200,50000,15.425878123043393,15.435872599057639,0.0313597115860474,-0.009994476014245635,12.896400200073167,2.539472398984472,2.505522179288885,20261417,20269336
100.0,90.0,100.0,0.06,0.2,2.0,0.25,0.25,100,200,50000,8.448986488470805,8.436245775865848,0.03221461409772206,0.012740712604957238,7.023117637369441,1.4131281384964067,1.4428663886340907,20261517,20269436
100.0,100.0,100.0,0.06,0.2,2.0,0.25,0.25,100,200,50000,3.5808530181481597,3.597532177226509,0.02500027706051219,-0.016679159078349493,3.253733707307536,0.3437984699189731,0.3842976202011732,20261617,20269536
100.0,110.0,100.0,0.06,0.2,2.0,0.25,0.25,100,200,50000,1.2969331047838046,1.3142287414341234,0.015482467986368714,-0.017295636650318746,1.278861899040844,0.03536684239327936,0.06889957367798716,20261717,20269636
100.0,120.0,100.0,0.06,0.2,2.0,0.25,0.25,100,200,50000,0.42589187361384817,0.440542429701044,0.008632053305567293,-0.014650556087195843,0.4409487153758019,-0.0004062856747578669,0.029861412997191195,20261817,20269736
110.0,80.0,100.0,0.06,0.2,2.0,0.25,0.25,100,200,50000,13.634161384530401,13.65167137024771,0.03522641604081752,-0.017509985717309107,12.072202278963346,1.5794690912843645,1.562194492221904,20262417,20270336
110.0,90.0,100.0,0.06,0.2,2.0,0.25,0.25,100,200,50000,6.99932533042133,6.987566494271384,0.03246313485533106,0.011758836149946106,6.363768542618857,0.6237979516525272,0.5976325596817693,20262517,20270436
110.0,100.0,100.0,0.06,0.2,2.0,0.25,0.25,100,200,50000,3.0066298832294285,2.9641333732652484,0.023166627925576323,0.042496509964180085,2.8402410066834687,0.12389236658177971,0.10771599507383778,20262617,20270536
110.0,110.0,100.0,0.06,0.2,2.0,0.25,0.25,100,200,50000,1.0834186550307594,1.078441184916107,0.013825345547851559,0.004977470114652327,1.0696293029212256,0.008811881994881476,0.01270009842357478,20262717,20270636
110.0,120.0,100.0,0.06,0.2,2.0,0.25,0.25,100,200,50000,0.3364164317823301,0.3489240186347798,0.007409724447938425,-0.012507586852449681,0.3531681387125775,-0.004244120077797731,-0.0033758226645086986,20262817,20270736
