spot,strike,sigma,maturity,european_put_bs,american_put_fd,american_put_crr,tvr_price_in_sample,tvr_price_out_of_sample,tvr_stderr_out_of_sample,tvr_minus_fd,tvr_minus_lsm,fit_seed,eval_seed
36.0,40.0,0.2,1.0,3.84430779159684,4.46346758347915,4.48637477750599,4.386066832071315,4.38508107160286,0.0113762461611362,-0.07838651187628987,0.17929731550917083,20260407,20268326
38.0,40.0,0.2,1.0,2.8519321180394748,3.2349570866515602,3.2570956607482584,3.1976962607455235,3.1925313006739575,0.010581154778966147,-0.042425785977602715,-0.07422408041959283,20260407,20268326
40.0,40.0,0.2,1.0,2.066401004420346,2.2994825456190746,2.318975614403705,2.2864244954452646,2.2783365155230944,0.009403362558271807,-0.02114603009598026,-0.16529368621139895,20260407,20268326
42.0,40.0,0.2,1.0,1.4645039410864467,1.6046213935342157,1.621926856903227,1.5998890804071235,1.5957299574127104,0.008178526107274877,-0.008891436121505336,-0.1498368728935091,20260407,20268326
44.0,40.0,0.2,1.0,1.0169152264282708,1.099844228908267,1.113618725781035,1.0966337766014893,1.0912208390385507,0.006951468407462763,-0.008623389869716336,-0.10333232495414135,20260407,20268326
36.0,40.0,0.2,2.0,3.7630009276697347,4.828003666539686,4.848040385441301,4.696179643250067,4.706500886503075,0.01349887215363133,-0.12150278003661175,0.549541403045331,20260407,20268326
38.0,40.0,0.2,2.0,2.9905568579925728,3.732839514924947,3.751205130967983,3.6604478327383703,3.6598304631809047,0.012717633439902506,-0.07300905174404226,0.24438019344094286,20260407,20268326
40.0,40.0,0.2,2.0,2.3558662816645324,2.8733741711189857,2.889514251023298,2.823977191276573,2.8285089016812206,0.01175647209610519,-0.04486526943776514,0.10141976290612975,20260407,20268326
42.0,40.0,0.2,2.0,1.8413544774586459,2.2024286776514828,2.2170387657510817,2.15815359188759,2.158190152219454,0.010714091088999591,-0.04423852543202855,0.019639093134302676,20260407,20268326
44.0,40.0,0.2,2.0,1.4292151307875187,1.681001321968069,1.693635420877127,1.6368031795578106,1.6377741764965004,0.009653713698106036,-0.043227145471568695,-0.018324527096859056,20260407,20268326
36.0,40.0,0.4,1.0,6.711399066623681,7.075984891697213,7.108178234383463,6.901546734805376,6.900888333291494,0.021570667951126197,-0.17509655840571892,-0.3189515135938805,20260407,20268326
38.0,40.0,0.4,1.0,5.834320866481415,6.121605588799003,6.157187905484532,5.923662989962645,5.922336985427088,0.021011153120795937,-0.1992686033719151,-0.4457565751499786,20260407,20268326
40.0,40.0,0.4,1.0,5.059623125933808,5.286064310633169,5.316778696228513,5.131793366917416,5.126811034218582,0.020008070734833253,-0.15925327641458686,-0.36109697327160184,20260407,20268326
42.0,40.0,0.4,1.0,4.3787183635270335,4.557603353033594,4.590519007548772,4.437026056078841,4.436620780671908,0.018923436450452878,-0.12098257236168575,-0.34723208304096076,20260407,20268326
44.0,40.0,0.4,1.0,3.78279883264722,3.92401238433739,3.955222483243089,3.835392527361635,3.837979674240979,0.01782036271810007,-0.08603271009641134,-0.29414105008276215,20260407,20268326
36.0,40.0,0.4,2.0,7.700039587695633,8.486782304996275,8.513625609836772,8.41463453823079,8.429978142275893,0.024657909893691096,-0.05680416272038258,0.07899974651774144,20260407,20268326
38.0,40.0,0.4,2.0,6.978802476201395,7.647812297159925,7.67632386579776,7.597852190333527,7.612843772275488,0.02419433970224117,-0.03496852488443736,-0.03999199580660395,20260407,20268326
40.0,40.0,0.4,2.0,6.325998988916153,6.896912312561697,6.92251182997399,6.859685036087575,6.859086481269407,0.023620412399958993,-0.03782583129228989,-0.1123223691182309,20260407,20268326
42.0,40.0,0.4,2.0,5.735617602382007,6.22459334010328,6.25154494334674,6.200053321112746,6.197244646788399,0.022987920726012124,-0.02734869331488099,-0.058159514611857865,20260407,20268326
44.0,40.0,0.4,2.0,5.201995311264419,5.621918761513243,5.648129650296387,5.599052078546139,5.595376013821668,0.02229273532371647,-0.026542747691574498,-0.0711272926118216,20260407,20268326
