spot,sigma,maturity,fit_seed,eval_seed,in_sample_price,out_of_sample_price,difference,stderr_out_of_sample
36.0,0.2,1.0,20260407,20265407,4.386066832071315,4.381032058653665,0.005034773417650129,0.011384997067452624
36.0,0.2,1.0,20260408,20265408,4.401587481177948,4.38935708883694,0.012230392341008312,0.01137450683681879
36.0,0.2,1.0,20260409,20265409,4.3959908042547395,4.388172416685036,0.007818387569703766,0.011330640034905318
40.0,0.2,2.0,20261407,20267407,2.8035145746901,2.8172796367250204,-0.013765062034920561,0.011748910318930146
40.0,0.2,2.0,20261408,20267408,2.81480964165149,2.8108717426711127,0.00393789898037733,0.011809113353506175
40.0,0.2,2.0,20261409,20267409,2.8219158827003366,2.829578874177146,-0.007662991476809378,0.011774408217305707
44.0,0.4,1.0,20262407,20269407,3.8647935892453056,3.839540472273699,0.02525311697160637,0.0178077741929853
44.0,0.4,1.0,20262408,20269408,3.855465075664982,3.860099458906759,-0.004634383241777229,0.01780894153355403
44.0,0.4,1.0,20262409,20269409,3.852318810473514,3.8571131322294514,-0.004794321755937414,0.017809075445724788
40.0,0.4,2.0,20263407,20271407,6.843240587602251,6.828910572077798,0.01433001552445301,0.02359889463061811
40.0,0.4,2.0,20263408,20271408,6.829370820099862,6.850736408241387,-0.021365588141525116,0.023585069867930623
40.0,0.4,2.0,20263409,20271409,6.848072680856938,6.860008310985494,-0.011935630128555808,0.023662765759910654
