model,spot0,strike,risk_free,sigma,maturity,jump_intensity,exercise_dates_per_year,exercise_steps,paths_total,american_jump_tvr_is,american_jump_tvr_oos,tvr_stderr,tvr_fit_minus_eval,european_jump_mc,tvr_early_exercise_premium,tvr_minus_lsmc,fit_seed,eval_seed
jump_to_ruin_matched_var,36.0,40.0,0.06,0.2,1.0,0.05,26,26,50000,4.94026054083246,4.924776156816021,0.03519936544012187,0.015484384016438923,4.603420528135267,0.3213556286807542,-0.29054978160127387,20261431,20269350
jump_to_ruin_matched_var,38.0,40.0,0.06,0.2,1.0,0.05,26,26,50000,3.8945552393475893,3.934470143820838,0.036655416581241884,-0.03991490447324875,3.8155064590635868,0.11896368475725128,-0.4170603865815101,20261531,20269450
jump_to_ruin_matched_var,40.0,40.0,0.06,0.2,1.0,0.05,26,26,50000,3.257086002046492,3.2769497582331573,0.03687127529599325,-0.01986375618666525,3.2171929854288788,0.05975677280427849,-0.33725330843250756,20261631,20269550
jump_to_ruin_matched_var,42.0,40.0,0.06,0.2,1.0,0.05,26,26,50000,2.808984083177075,2.784790866725188,0.03646023769500045,0.02419321645188699,2.7618728556915935,0.0229180110335947,-0.28462721131870294,20261731,20269650
jump_to_ruin_matched_var,44.0,40.0,0.06,0.2,1.0,0.05,26,26,50000,2.498432442426118,2.428621780347368,0.03615029290260008,0.06981066207874997,2.419680257830092,0.008941522517276201,-0.1708862004934364,20261831,20269750
no_jump_matched_var,36.0,40.0,0.06,0.3,1.0,0.0,26,26,50000,5.682846335807276,5.675925612624393,0.023141742572608294,0.006920723182882504,5.28601128876024,0.38991432386415337,-0.1518632811927345,20260431,20268350
no_jump_matched_var,38.0,40.0,0.06,0.3,1.0,0.0,26,26,50000,4.645212600835698,4.612512783066002,0.022129332002427754,0.03269981776969644,4.348840202784394,0.2636725802816082,-0.36701122969958977,20260531,20268450
no_jump_matched_var,40.0,40.0,0.06,0.3,1.0,0.0,26,26,50000,3.7436228761683488,3.743052909048455,0.02074359108352625,0.0005699671198939882,3.5880501127911457,0.15500279625730906,-0.34953491375994883,20260631,20268550
no_jump_matched_var,42.0,40.0,0.06,0.3,1.0,0.0,26,26,50000,3.0373189930532516,3.028077178073422,0.018993586087600732,0.009241814979829677,2.8985826373510624,0.12949454072235955,-0.20909212182039516,20260731,20268650
no_jump_matched_var,44.0,40.0,0.06,0.3,1.0,0.0,26,26,50000,2.4316495782566756,2.437332550924433,0.017415412609108265,-0.005682972667757191,2.325043980969188,0.11228856995524472,-0.22608240766229182,20260831,20268750
